"STT","MSSV","H? v? t?n","L?p","CT?T","L? do","S? k? c? t?ng k?t","S? ??ng k? h?c ph?n t?t c? k?"
"1","2347A019","Trương Xuân Thắng","ITK47A","CQ23CT-MMT","Kh?ng c? ??ng k? h?c ph?n v? t?ng k?t ?i?m HK02 (2025-2026); ch?a c? k?t qu? ??nh gi? c?nh b?o.","6","58"
"2","2347A036","Đoàn Thị Bình","ITK47A","CQ23CT-PM","Kh?ng c? ??ng k? h?c ph?n v? t?ng k?t ?i?m HK02 (2025-2026); ch?a c? k?t qu? ??nh gi? c?nh b?o.","6","60"
"3","2347A052","Trương Anh Minh","ITK47A","CQ23CT","Ch?a c? ??ng k? h?c ph?n ho?c t?ng k?t ?i?m ? b?t k? k? n?o; ch?a c? k?t qu? ??nh gi? c?nh b?o.","0","0"
"4","2347A065","Trương Quang Tuấn","ITK47A","CQ23CT","Kh?ng c? ??ng k? h?c ph?n v? t?ng k?t ?i?m HK02 (2025-2026); ch?a c? k?t qu? ??nh gi? c?nh b?o.","6","53"
"5","2347B045","Dương Minh Trung","ITK47B","CQ23CT","Kh?ng c? ??ng k? h?c ph?n v? t?ng k?t ?i?m HK02 (2025-2026); ch?a c? k?t qu? ??nh gi? c?nh b?o.","5","44"
"6","2347B047","Thái Anh Hạnh","ITK47B","CQ23CT","Kh?ng c? ??ng k? h?c ph?n v? t?ng k?t ?i?m HK02 (2025-2026); ch?a c? k?t qu? ??nh gi? c?nh b?o.","5","47"
"7","2347C040","Đỗ Thúy Tài","ITK47C","CQ23CT","Kh?ng c? ??ng k? h?c ph?n v? t?ng k?t ?i?m HK02 (2025-2026); ch?a c? k?t qu? ??nh gi? c?nh b?o.","5","50"
"8","2347C046","Lâm Tuấn Trang","ITK47C","CQ23CT","Kh?ng c? ??ng k? h?c ph?n v? t?ng k?t ?i?m HK02 (2025-2026); ch?a c? k?t qu? ??nh gi? c?nh b?o.","5","44"
"9","2448A001","Lý Ngọc Tùng","ITK48A","CQ24CT","Kh?ng c? ??ng k? h?c ph?n v? t?ng k?t ?i?m HK02 (2025-2026); ch?a c? k?t qu? ??nh gi? c?nh b?o.","3","29"
"10","2448A009","Trương Thị Hải","ITK48A","CQ24CT","Kh?ng c? ??ng k? h?c ph?n v? t?ng k?t ?i?m HK02 (2025-2026); ch?a c? k?t qu? ??nh gi? c?nh b?o.","3","29"
"11","2448A010","Đinh Xuân Tuấn","ITK48A","CQ24CT","Kh?ng c? ??ng k? h?c ph?n v? t?ng k?t ?i?m HK02 (2025-2026); ch?a c? k?t qu? ??nh gi? c?nh b?o.","3","37"
"12","2448A024","Vũ Thúy Sơn","ITK48A","CQ24CT","Kh?ng c? ??ng k? h?c ph?n v? t?ng k?t ?i?m HK02 (2025-2026); ch?a c? k?t qu? ??nh gi? c?nh b?o.","3","37"
"13","2448A030","Cao Xuân Chi","ITK48A","CQ24CT","Kh?ng c? ??ng k? h?c ph?n v? t?ng k?t ?i?m HK02 (2025-2026); ch?a c? k?t qu? ??nh gi? c?nh b?o.","3","29"
"14","2448A051","Hoàng Hoàng Việt","ITK48A","CQ24CT","Kh?ng c? ??ng k? h?c ph?n v? t?ng k?t ?i?m HK02 (2025-2026); ch?a c? k?t qu? ??nh gi? c?nh b?o.","3","29"
"15","2448A056","Hán Tuấn An","ITK48A","CQ24CT","Kh?ng c? ??ng k? h?c ph?n v? t?ng k?t ?i?m HK02 (2025-2026); ch?a c? k?t qu? ??nh gi? c?nh b?o.","3","29"
"16","2448B004","Lâm Thúy An","ITK48B","CQ24CT","Kh?ng c? ??ng k? h?c ph?n v? t?ng k?t ?i?m HK02 (2025-2026); ch?a c? k?t qu? ??nh gi? c?nh b?o.","3","29"
"17","2448B022","Trịnh Tuấn Khanh","ITK48B","CQ24CT","Kh?ng c? ??ng k? h?c ph?n v? t?ng k?t ?i?m HK02 (2025-2026); ch?a c? k?t qu? ??nh gi? c?nh b?o.","3","29"
"18","2448B026","Đoàn Mai Vỹ","ITK48B","CQ24CT","Kh?ng c? ??ng k? h?c ph?n v? t?ng k?t ?i?m HK02 (2025-2026); ch?a c? k?t qu? ??nh gi? c?nh b?o.","3","29"
"19","2448B033","Đoàn Đức Lâm","ITK48B","CQ24CT","Kh?ng c? ??ng k? h?c ph?n v? t?ng k?t ?i?m HK02 (2025-2026); ch?a c? k?t qu? ??nh gi? c?nh b?o.","3","30"
"20","2448B048","Cao Hoàng Phong","ITK48B","CQ24CT","Kh?ng c? ??ng k? h?c ph?n v? t?ng k?t ?i?m HK02 (2025-2026); ch?a c? k?t qu? ??nh gi? c?nh b?o.","3","29"
"21","2549A010","Trương Hương Lâm","ITK49A","CQ25CT","Kh?ng c? ??ng k? h?c ph?n v? t?ng k?t ?i?m HK02 (2025-2026); ch?a c? k?t qu? ??nh gi? c?nh b?o.","1","14"
"22","2549A014","Cheng Văn Hải","ITK49A","CQ25CT","Kh?ng c? ??ng k? h?c ph?n v? t?ng k?t ?i?m HK02 (2025-2026); ch?a c? k?t qu? ??nh gi? c?nh b?o.","1","14"
"23","2549A038","Cheng Đức Nghĩa","ITK49A","CQ25CT","Kh?ng c? ??ng k? h?c ph?n v? t?ng k?t ?i?m HK02 (2025-2026); ch?a c? k?t qu? ??nh gi? c?nh b?o.","1","14"
"24","2549A053","Đỗ Thị Bảo","ITK49A","CQ25CT","Kh?ng c? ??ng k? h?c ph?n v? t?ng k?t ?i?m HK02 (2025-2026); ch?a c? k?t qu? ??nh gi? c?nh b?o.","1","14"
"25","2549A065","Trọng Thị Minh","ITK49A","CQ25CT","Kh?ng c? ??ng k? h?c ph?n v? t?ng k?t ?i?m HK02 (2025-2026); ch?a c? k?t qu? ??nh gi? c?nh b?o.","1","14"
"26","2549B008","Đoàn Văn Nam","ITK49B","CQ25CT","Kh?ng c? ??ng k? h?c ph?n v? t?ng k?t ?i?m HK02 (2025-2026); ch?a c? k?t qu? ??nh gi? c?nh b?o.","1","14"
"27","2549B020","Phạm Tuấn Sơn","ITK49B","CQ25CT","Kh?ng c? ??ng k? h?c ph?n v? t?ng k?t ?i?m HK02 (2025-2026); ch?a c? k?t qu? ??nh gi? c?nh b?o.","1","14"
"28","2549B025","Phùng Thị Vỹ","ITK49B","CQ25CT","Kh?ng c? ??ng k? h?c ph?n v? t?ng k?t ?i?m HK02 (2025-2026); ch?a c? k?t qu? ??nh gi? c?nh b?o.","1","14"
"29","2549B035","Ngô Quang Bình","ITK49B","CQ25CT","Kh?ng c? ??ng k? h?c ph?n v? t?ng k?t ?i?m HK02 (2025-2026); ch?a c? k?t qu? ??nh gi? c?nh b?o.","2","23"
"30","2549B062","Bùi Thị Thanh","ITK49B","CQ25CT","Kh?ng c? ??ng k? h?c ph?n v? t?ng k?t ?i?m HK02 (2025-2026); ch?a c? k?t qu? ??nh gi? c?nh b?o.","1","14"
"31","2549C036","Hoàng Văn Nghĩa","ITK49C","CQ25CT","Kh?ng c? ??ng k? h?c ph?n v? t?ng k?t ?i?m HK02 (2025-2026); ch?a c? k?t qu? ??nh gi? c?nh b?o.","1","14"
"32","2549C047","Bùi Xuân Thắng","ITK49C","CQ25CT","Kh?ng c? ??ng k? h?c ph?n v? t?ng k?t ?i?m HK02 (2025-2026); ch?a c? k?t qu? ??nh gi? c?nh b?o.","1","14"
"33","2549C057","Lưu Thị Phúc","ITK49C","CQ25CT","Kh?ng c? ??ng k? h?c ph?n v? t?ng k?t ?i?m HK02 (2025-2026); ch?a c? k?t qu? ??nh gi? c?nh b?o.","2","23"
"34","2549C063","Phan Hương Tài","ITK49C","CQ25CT","Kh?ng c? ??ng k? h?c ph?n v? t?ng k?t ?i?m HK02 (2025-2026); ch?a c? k?t qu? ??nh gi? c?nh b?o.","1","14"
"35","2549C068","Võ Hữu Huy","ITK49C","CQ25CT","Kh?ng c? ??ng k? h?c ph?n v? t?ng k?t ?i?m HK02 (2025-2026); ch?a c? k?t qu? ??nh gi? c?nh b?o.","1","14"
