"STT","MSSV","Họ tên","Lớp","CTĐT","Lượt học API tất cả kỳ","Lượt học hệ thống tất cả kỳ","Học phần HK2 API","GPA HK2 bảng điểm lớp","Lý do/căn cứ"
"1","2347A019","Trương Xuân Thắng","ITK47A","CQ23CT-MMT","58","58","0","0.64","Nguồn chưa thống nhất: bảng điểm lớp HK2 GPA 0,64; bảng điểm cá nhân không có HK2, GPA 0,64 ở HK3."
"2","2347A036","Đoàn Thị Bình","ITK47A","CQ23CT-PM","60","60","0","","API không trả học phần HK2; bảng điểm lớp: tín chỉ/GPA null, KXL; chưa có quyết định giải thích việc thiếu kỳ."
"3","2347A065","Trương Quang Tuấn","ITK47A","CQ23CT","53","53","0","","API không trả học phần HK2; bảng điểm lớp: tín chỉ/GPA null, KXL; chưa có quyết định giải thích việc thiếu kỳ."
"4","2347B045","Dương Minh Trung","ITK47B","CQ23CT","44","44","0","","Có quyết định nghỉ học tạm thời từ HK2 2025-2026; API không trả học phần HK2."
"5","2347B047","Thái Anh Hạnh","ITK47B","CQ23CT","47","47","0","","API không trả học phần HK2; bảng điểm lớp: tín chỉ/GPA null, KXL; chưa có quyết định giải thích việc thiếu kỳ."
"6","2347C040","Đỗ Thúy Tài","ITK47C","CQ23CT","50","50","0","","API không trả học phần HK2; bảng điểm lớp: tín chỉ/GPA null, KXL; chưa có quyết định giải thích việc thiếu kỳ."
"7","2347C046","Lâm Tuấn Trang","ITK47C","CQ23CT","44","44","0","","API không trả học phần HK2; bảng điểm lớp: tín chỉ/GPA null, KXL; chưa có quyết định giải thích việc thiếu kỳ."
"8","2448A001","Lý Ngọc Tùng","ITK48A","CQ24CT","29","29","0","","API không trả học phần HK2; bảng điểm lớp: tín chỉ/GPA null, KXL; chưa có quyết định giải thích việc thiếu kỳ."
"9","2448A009","Trương Thị Hải","ITK48A","CQ24CT","29","29","0","","API không trả học phần HK2; bảng điểm lớp: tín chỉ/GPA null, KXL; chưa có quyết định giải thích việc thiếu kỳ."
"10","2448A010","Đinh Xuân Tuấn","ITK48A","CQ24CT","37","37","0","","API không trả học phần HK2; bảng điểm lớp: tín chỉ/GPA null, KXL; chưa có quyết định giải thích việc thiếu kỳ."
"11","2448A024","Vũ Thúy Sơn","ITK48A","CQ24CT","37","37","0","","API không trả học phần HK2; bảng điểm lớp: tín chỉ/GPA null, KXL; chưa có quyết định giải thích việc thiếu kỳ."
"12","2448A030","Cao Xuân Chi","ITK48A","CQ24CT","29","29","0","","API không trả học phần HK2; bảng điểm lớp: tín chỉ/GPA null, KXL; chưa có quyết định giải thích việc thiếu kỳ."
"13","2448A051","Hoàng Hoàng Việt","ITK48A","CQ24CT","29","29","0","","API không trả học phần HK2; bảng điểm lớp: tín chỉ/GPA null, KXL; chưa có quyết định giải thích việc thiếu kỳ."
"14","2448A056","Hán Tuấn An","ITK48A","CQ24CT","29","29","0","","API không trả học phần HK2; bảng điểm lớp: tín chỉ/GPA null, KXL; chưa có quyết định giải thích việc thiếu kỳ."
"15","2448B004","Lâm Thúy An","ITK48B","CQ24CT","29","29","0","","API không trả học phần HK2; bảng điểm lớp: tín chỉ/GPA null, KXL; chưa có quyết định giải thích việc thiếu kỳ."
"16","2448B022","Trịnh Tuấn Khanh","ITK48B","CQ24CT","29","29","0","","API không trả học phần HK2; bảng điểm lớp: tín chỉ/GPA null, KXL; chưa có quyết định giải thích việc thiếu kỳ."
"17","2448B026","Đoàn Mai Vỹ","ITK48B","CQ24CT","29","29","0","","API không trả học phần HK2; bảng điểm lớp: tín chỉ/GPA null, KXL; chưa có quyết định giải thích việc thiếu kỳ."
"18","2448B033","Đoàn Đức Lâm","ITK48B","CQ24CT","30","30","0","","API không trả học phần HK2; bảng điểm lớp: tín chỉ/GPA null, KXL; chưa có quyết định giải thích việc thiếu kỳ."
"19","2448B048","Cao Hoàng Phong","ITK48B","CQ24CT","29","29","0","","API không trả học phần HK2; bảng điểm lớp: tín chỉ/GPA null, KXL; chưa có quyết định giải thích việc thiếu kỳ."
"20","2549A010","Trương Hương Lâm","ITK49A","CQ25CT","14","14","0","","API không trả học phần HK2; bảng điểm lớp: tín chỉ/GPA null, KXL; chưa có quyết định giải thích việc thiếu kỳ."
"21","2549A014","Cheng Văn Hải","ITK49A","CQ25CT","14","14","0","","API không trả học phần HK2; bảng điểm lớp: tín chỉ/GPA null, KXL; chưa có quyết định giải thích việc thiếu kỳ."
"22","2549A038","Cheng Đức Nghĩa","ITK49A","CQ25CT","14","14","0","","API không trả học phần HK2; bảng điểm lớp: tín chỉ/GPA null, KXL; chưa có quyết định giải thích việc thiếu kỳ."
"23","2549A053","Đỗ Thị Bảo","ITK49A","CQ25CT","14","14","0","","API không trả học phần HK2; bảng điểm lớp: tín chỉ/GPA null, KXL; chưa có quyết định giải thích việc thiếu kỳ."
"24","2549A065","Trọng Thị Minh","ITK49A","CQ25CT","14","14","0","","API không trả học phần HK2; bảng điểm lớp: tín chỉ/GPA null, KXL; chưa có quyết định giải thích việc thiếu kỳ."
"25","2549B008","Đoàn Văn Nam","ITK49B","CQ25CT","14","14","0","","API không trả học phần HK2; bảng điểm lớp: tín chỉ/GPA null, KXL; chưa có quyết định giải thích việc thiếu kỳ."
"26","2549B020","Phạm Tuấn Sơn","ITK49B","CQ25CT","14","14","0","","API không trả học phần HK2; bảng điểm lớp: tín chỉ/GPA null, KXL; chưa có quyết định giải thích việc thiếu kỳ."
"27","2549B025","Phùng Thị Vỹ","ITK49B","CQ25CT","14","14","0","","API không trả học phần HK2; bảng điểm lớp: tín chỉ/GPA null, KXL; chưa có quyết định giải thích việc thiếu kỳ."
"28","2549B035","Ngô Quang Bình","ITK49B","CQ25CT","23","23","0","","API không trả học phần HK2; bảng điểm lớp: tín chỉ/GPA null, KXL; chưa có quyết định giải thích việc thiếu kỳ."
"29","2549B062","Bùi Thị Thanh","ITK49B","CQ25CT","14","14","0","","API không trả học phần HK2; bảng điểm lớp: tín chỉ/GPA null, KXL; chưa có quyết định giải thích việc thiếu kỳ."
"30","2549C036","Hoàng Văn Nghĩa","ITK49C","CQ25CT","14","14","0","","API không trả học phần HK2; bảng điểm lớp: tín chỉ/GPA null, KXL; chưa có quyết định giải thích việc thiếu kỳ."
"31","2549C047","Bùi Xuân Thắng","ITK49C","CQ25CT","14","14","0","","API không trả học phần HK2; bảng điểm lớp: tín chỉ/GPA null, KXL; chưa có quyết định giải thích việc thiếu kỳ."
"32","2549C057","Lưu Thị Phúc","ITK49C","CQ25CT","23","23","0","","Có QĐ nghỉ từ HK3 2025-2026 và tiếp nhận học lại HK1 2026-2027; chưa giải thích được thiếu HK2."
"33","2549C063","Phan Hương Tài","ITK49C","CQ25CT","14","14","0","","API không trả học phần HK2; bảng điểm lớp: tín chỉ/GPA null, KXL; chưa có quyết định giải thích việc thiếu kỳ."
"34","2549C068","Võ Hữu Huy","ITK49C","CQ25CT","14","14","0","","API không trả học phần HK2; bảng điểm lớp: tín chỉ/GPA null, KXL; chưa có quyết định giải thích việc thiếu kỳ."
